{
    "UI_HOME": {
        "sidebar_chat": "chatSidebar",
        "input_search_chat": "chatSearch",
        "btn_new_chat": "btn-new-chat",
        "list_chat_history": "chatHistoryList",
        "btn_user_profile": "btn-user",
        "modal_ai_settings": "aiSettingsModal",
        "dropdown_model_selector": "modelDropdown",
        "container_chat_messages": "chat-messages",
        "input_user_message": "user-input",
        "form_chat": "chat-form",
        "container_image_preview": "image-preview-container",
        "img_preview": "image-preview"
    },
    "UI_SETTINGS_MODAL": {
        "tab_api": "settings-api",
        "tab_brain": "settings-brain",
        "select_provider": "ai-provider",
        "input_api_key": "ai-api-key",
        "input_model": "ai-model",
        "textarea_prompt_general": "system-prompt-general",
        "textarea_prompt_mxh": "system-prompt-mxh",
        "textarea_prompt_notes": "system-prompt-notes",
        "textarea_prompt_telegram": "system-prompt-telegram",
        "textarea_prompt_image": "system-prompt-image",
        "btn_save_settings": "saveAISettings()"
    },
    "API_ROUTES": {
        "route_chat_new": "/api/chat/new",
        "route_chat_send": "/api/chat/send",
        "route_chat_history": "/api/chat/history/<session_id>",
        "route_chat_sessions": "/api/chat/sessions",
        "route_chat_delete": "/api/chat/delete_session/<session_id>",
        "route_settings": "/api/chat/settings"
    },
    "DB_TABLES": {
        "table_chat_sessions": "chat_sessions",
        "table_chat_history": "chat_history",
        "table_ai_settings": "ai_settings",
        "table_notes": "notes",
        "table_mxh_accounts": "mxh_accounts",
        "table_mxh_cards": "mxh_cards",
        "table_session_metadata": "session_metadata"
    },
    "CONFIG_KEYS": {
        "key_provider": "provider",
        "key_openai_api_key": "openai_api_key",
        "key_openai_model": "openai_model",
        "key_gemini_api_key": "gemini_api_key",
        "key_gemini_model": "gemini_model",
        "key_system_prompt_general": "system_prompt_general",
        "key_system_prompt_mxh": "system_prompt_mxh",
        "key_system_prompt_notes": "system_prompt_notes",
        "key_system_prompt_telegram": "system_prompt_telegram",
        "key_system_prompt_image": "system_prompt_image"
    },
    "UI_MXH": {
        "tab_pane": "mxh-tool-pane",
        "container_groups_nav": "mxh-groups-nav",
        "input_search": "mxh-search-input",
        "btn_search_clear": "mxh-search-clear",
        "btn_filter": "mxh-filter-btn",
        "modal_view_mode": "mxh-view-mode-modal",
        "input_cards_per_row": "mxh-cards-per-row",
        "btn_apply_view_mode": "mxh-apply-view-mode-btn",
        "modal_add_account": "mxh-addAccountModal",
        "input_add_username": "mxh-username",
        "select_add_platform": "mxh-platform",
        "input_add_password": "mxh-password",
        "input_add_phone": "mxh-phone",
        "input_add_url": "mxh-url",
        "input_add_day": "mxh-day",
        "input_add_month": "mxh-month",
        "input_add_year": "mxh-year",
        "btn_save_account": "mxh-save-account-btn",
        "container_accounts": "mxh-accounts-container",
        "modal_wechat_account": "wechat-account-modal",
        "modal_generic_account": "generic-account-modal",
        "modal_change_card_number": "change-card-number-modal",
        "modal_notice": "noticeModal",
        "modal_delete_card": "delete-card-modal",
        "modal_reset_card": "reset-card-modal"
    },
    "UI_NOTES": {
        "tab_pane": "notes-tool-pane",
        "wrapper_list": "notes-list-wrapper",
        "wrapper_detail": "notes-detail-wrapper",
        "input_search": "notes-search-input",
        "container_notes": "notes-container",
        "panel_detail": "notes-detail-panel",
        "wrapper_detail_content": "notes-detail-content-wrapper",
        "placeholder_detail": "notes-detail-placeholder",
        "content_detail": "notes-detail-content",
        "modal_add_edit": "notes-addEditModal",
        "form_add_edit": "notes-addEditForm",
        "input_edit_id": "notes-editId",
        "input_title": "notes-title-input",
        "editor_content": "notes-content-editor",
        "modal_add_link": "notes-addLinkModal",
        "input_link_url": "notes-link-url",
        "btn_save_link": "notes-save-link-btn",
        "modal_add_profile": "notes-addProfileModal",
        "input_profile_id": "notes-profile-id",
        "input_profile_password": "notes-profile-password",
        "editor_profile_content": "notes-profile-content-editor",
        "btn_save_profile": "notes-save-profile-btn",
        "btn_delete_profile": "notes-delete-profile-btn",
        "modal_confirm_delete": "notes-confirmDeleteModal",
        "btn_confirm_delete": "notes-confirm-delete-btn",
        "modal_image_preview": "np-imagePreviewModal",
        "img_preview": "np-imagePreview",
        "context_menu_tab": "notes-tab-context-menu",
        "context_menu_card": "note-card-context-menu",
        "context_menu_editor": "notes-context-menu",
        "context_menu_profile": "profile-span-context-menu",
        "context_menu_image": "image-modal-context-menu"
    },
    "UI_TELEGRAM": {
        "tab_pane": "telegram-tool-pane",
        "text_total_sessions": "tg-total-sessions-count",
        "text_status_progress": "tg-status-progress-text",
        "text_status_success": "tg-status-success-count",
        "text_status_failed": "tg-status-failed-count",
        "input_core": "tg-core-input",
        "input_delay_session": "tg-delay-session-input",
        "input_delay_batch": "tg-delay-batch-input",
        "switch_admin_reply": "tg-admin-reply-switch",
        "input_admin_delay": "tg-admin-delay-input",
        "btn_run_stop": "tg-runStopBtn",
        "btn_check_live": "tg-checkLiveBtn",
        "select_group_session": "tg-group-session-select",
        "tab_session_manager": "tg-v-pills-session-manager-tab",
        "tab_group": "tg-v-pills-group-tab",
        "tab_automatic": "tg-v-pills-automatic-tab",
        "container_session_tables": "tg-session-tables-container",
        "checkbox_select_all": "tg-selectAllCheckbox",
        "tbody_sessions": "tg-sessions-table-body",
        "container_group_tasks": "tg-group-task-cards",
        "switch_auto_seeding_daily": "auto-seeding-daily",
        "switch_auto_seeding_enabled": "auto-seeding-enabled",
        "input_auto_seeding_hour": "auto-seeding-hour",
        "input_auto_seeding_minute": "auto-seeding-minute",
        "select_auto_seeding_ampm": "auto-seeding-ampm",
        "select_auto_seeding_group": "auto-seeding-group-select",
        "btn_save_auto_seeding": "save-auto-seeding-btn",
        "modal_add_session": "tg-addSessionModal",
        "form_add_session": "tg-addSessionForm",
        "input_group_name": "tg-groupName",
        "input_session_files": "tg-sessionFiles",
        "btn_save_group": "tg-saveGroupBtn",
        "list_existing_groups": "tg-existing-groups-list",
        "modal_join_group": "tg-joinGroupModal",
        "input_join_group_links": "tg-joinGroupLinks",
        "btn_save_join_group": "tg-saveJoinGroupConfigBtn",
        "modal_seeding_group": "tg-seedingGroupModal",
        "input_seeding_links": "tg-seedingGroupLinks",
        "input_seeding_messages": "tg-seedingGroupMessages",
        "input_seeding_admin_messages": "tg-seedingAdminMessages",
        "switch_seeding_silent": "tg-seedingSilentSwitch",
        "btn_shuffle_messages": "tg-shuffleMessagesBtn",
        "input_upload_admin_session": "tg-uploadAdminSession",
        "select_seeding_admin_session": "tg-seedingAdminSessionSelect",
        "btn_save_seeding_group": "tg-saveSeedingGroupConfigBtn",
        "modal_delete_dead_sessions": "tg-deleteDeadSessionsModal",
        "btn_confirm_delete_dead": "tg-confirmDeleteDeadBtn",
        "modal_proxy": "tg-proxyModal",
        "switch_proxy_enabled": "tg-proxy-enabled",
        "textarea_proxy_list": "tg-proxy-list",
        "btn_save_proxy": "tg-save-proxy-btn",
        "context_menu_telegram": "telegram-context-menu"
    },
    "UI_IMAGE": {
        "input_upload": "collageUpload",
        "select_aspect_ratio": "collageAspect",
        "btn_settings": "collageSettingsBtn",
        "menu_settings": "collageSettingsMenu",
        "input_gutter": "collageGutter",
        "input_radius": "collageRadius",
        "input_border": "collageBorder",
        "input_border_color": "collageBorderColor",
        "input_background": "collageBackground",
        "btn_blemish_tool": "blemishToolBtn",
        "menu_blemish_settings": "blemishSettingsMenu",
        "input_blemish_brush": "blemishBrushSlider",
        "input_blemish_radius": "blemishRadiusSlider",
        "input_blemish_opacity": "blemishOpacitySlider",
        "radio_method_ns": "methodNS",
        "radio_method_telea": "methodTelea",
        "btn_enhance": "enhanceBtn",
        "btn_save": "saveCollage",
        "btn_clear": "clearCollage",
        "panel_history": "historyPanel",
        "container_history": "collageHistory",
        "container_preview": "uploadedPhotosPreview",
        "viewer_single_image": "singleImageViewer",
        "canvas_single_image": "singleImageCanvas",
        "container_collage_canvas": "collageCanvasContainer",
        "canvas_collage": "collageCanvas",
        "panel_templates": "templatesPanel",
        "container_templates": "layoutTemplates",
        "container_text_layers": "textLayersContainer",
        "container_collage_tiles": "collage-tiles",
        "prompt_collage": "collagePrompt",
        "context_menu_text": "textContextMenu",
        "submenu_color": "colorSubmenu",
        "submenu_font": "fontSubmenu"
    }
}